[{
	"_id": {
		"$oid": "6294138733d13bf126d4ab39"
	},
	"name": "ARTGER",
	"numberOfSubscribers": 450000,
	"startYear": 2016,
	"playlist": [
		{
			"title": "Nargies Mongolian Cuisine",
			"numberOfVideos": 42,
			"_id": {
				"$oid": "629413f233d13bf126d4ab3c"
			}
		},
		{
			"title": "FOOD VIEWS",
			"numberOfVideos": 69,
			"_id": {
				"$oid": "6294143f33d13bf126d4ab42"
			}
		}
	],
	"__v": 0
},
{
	"_id": {
		"$oid": "62ac0673d8a7957cb106705c"
	},
	"name": "Kurzgesagt ",
	"numberOfSubscribers": 3600000,
	"startYear": 2013,
	"playlist": [
		{
			"title": "Human Stuff",
			"numberOfVideos": 44,
			"_id": {
				"$oid": "62ad626c3d6a90f75df60296"
			}
		},
		{
			"title": "Universe and Space Stuff",
			"numberOfVideos": 33,
			"_id": {
				"$oid": "62ad62b63d6a90f75df6029a"
			}
		}
	],
	"__v": 0
},
{
	"_id": {
		"$oid": "62ad63343d6a90f75df6029e"
	},
	"name": "Ivan Miranda",
	"numberOfSubscribers": 297000,
	"startYear": 2015,
	"playlist": [
		{
			"title": "3D printer CNC",
			"numberOfVideos": 8,
			"_id": {
				"$oid": "62ad63753d6a90f75df602a3"
			}
		},
		{
			"title": "Big Tank",
			"numberOfVideos": 14,
			"_id": {
				"$oid": "62ad63cc3d6a90f75df602b7"
			}
		}
	],
	"__v": 0
}]

